train_loss,train_y_loss,train_noise_loss,valid_loss,valid_y_loss,valid_noise_loss
262.3286676174257,3.2407303132661958,259.08793789002954,254.2036102294922,1.191969132423401,253.0116394042969
248.27035671327172,1.0032842566327351,247.26707123547067,237.1812957763672,0.7770918250083924,236.40420227050782
233.8726185124095,0.7852944092052739,233.08732381681116,224.1727325439453,0.6037533164024353,223.56898193359376
223.438300900343,0.99887567613183,222.4394248404154,218.28759765625,0.6972891986370087,217.5903076171875
215.3703981725181,1.2474848729808157,214.12291512838223,209.4899658203125,0.5679983735084534,208.92196655273438
208.47096252441406,1.3131555340638974,207.15780676864995,203.41462097167968,0.5751243948936462,202.83949584960936
202.710971739234,0.9262990326416202,201.78467280690262,196.73391723632812,0.4627821922302246,196.27113342285156
198.0086729468369,0.5801555129086099,197.42851815572598,191.94805297851562,0.443819534778595,191.50423278808594
194.0714338349133,0.44726718489716694,193.6241652325886,191.40044250488282,0.4039662301540375,190.99647827148436
191.03031995819836,0.38846496329074953,190.64185500726467,183.22901306152343,0.38055373430252076,182.8484619140625
187.76992127953505,0.36068219818720004,187.4092392339939,188.05401000976562,0.35982367396354675,187.69418640136718
186.17790892066026,0.3350133248945562,185.8428955078125,184.57652893066407,0.33809213638305663,184.23843688964843
184.52913274997618,0.3211294688829562,184.20800260218178,182.33108520507812,0.32547876238822937,182.00560607910157
182.48937355599753,0.30616785077060144,182.18320632562404,180.6517333984375,0.3211523532867432,180.33057861328126
181.7832462962081,0.2939830578681899,181.48926302281822,178.8975036621094,0.31064727902412415,178.58685302734375
181.35885694550305,0.2801575159154287,181.07869962366615,183.3744903564453,0.304913729429245,183.0695770263672
180.12796169374047,0.2704381928211305,179.85752310403964,178.60918579101562,0.30343674719333646,178.30574951171874
178.80709280618808,0.26262302951114935,178.54446969381192,178.17236328125,0.2802345961332321,177.89212646484376
178.18339575790776,0.2547847948423246,177.9286115692883,176.69951782226562,0.2724016338586807,176.42711181640624
178.10601583341273,0.2485258764610058,177.85748960913682,174.48873596191407,0.27230713367462156,174.2164306640625
177.09841323480373,0.2615021623489333,176.83691034084413,178.2609375,0.2690643846988678,177.99187316894532
176.5123346840463,0.26832586127083474,176.24400776188548,176.54421691894532,0.2629286289215088,176.28128662109376
174.87757017554307,0.33909128388253656,174.538477827863,175.70425720214843,0.28608688712120056,175.4181671142578
175.33824120498286,0.35948101412959216,174.97875939345943,175.02584228515624,0.3043257832527161,174.72151794433594
174.42326057248,0.45827533195658426,173.964985172923,174.90895080566406,0.2733097165822983,174.6356414794922
173.3209258288872,0.43516580651446085,172.88576005144816,175.11392211914062,0.27099827229976653,174.84292297363282
173.05199450981326,0.4312125942329081,172.62078187523818,172.62152404785155,0.2929757058620453,172.32854614257812
173.45532710377762,0.3040550107636103,173.15127191310975,170.4617919921875,0.23946205973625184,170.22232971191406
171.6510125136957,0.2871699136931722,171.36384210353944,172.75443420410156,0.27146820425987245,172.48296508789062
172.1393503328649,0.22665302346392377,171.9126973966273,172.71202392578124,0.2315337598323822,172.4804901123047
170.70545512873952,0.24022899604425196,170.4652263362233,169.49898986816407,0.24619095921516418,169.25279846191407
171.07098760837462,0.20605420521119747,170.86493440953697,172.29909057617186,0.21789550185203552,172.08119201660156
170.61244834341653,0.2266160249710083,170.38583225157203,170.8693817138672,0.2349756419658661,170.63440551757813
170.21818654130143,0.20003639743095492,170.01814902701028,171.51665954589845,0.2028089314699173,171.31385192871093
170.2361718154535,0.21473948294069709,170.02143301614902,169.57684936523438,0.22470009326934814,169.3521484375
170.55670128799068,0.19167927198293733,170.36502298494665,166.41644897460938,0.20927723348140717,166.20716857910156
168.46533538074027,0.20879729928039922,168.2565382050305,169.01956176757812,0.2362663120031357,168.78329772949218
169.95981542075552,0.18964779267950757,169.770167280988,172.3647674560547,0.19808139503002167,172.16668701171875
169.7914328226229,0.19199415714275547,169.59943892316122,165.7220703125,0.19561617374420165,165.52645568847657
167.97848920124332,0.18114230109424126,167.7973465337986,168.10177307128907,0.19411033689975737,167.907666015625
168.02581303294113,0.18623951404559902,167.83957281345275,167.2688446044922,0.20439073741436004,167.0644500732422
168.49799774914254,0.1773666666775215,168.32063032941122,169.12027587890626,0.18929145634174346,168.9309844970703
168.20993972406154,0.18674552731397676,168.02319149854708,167.09707946777343,0.19581791162490844,166.90126342773436
167.21967669231137,0.17720823898548033,167.04246781512003,169.16827392578125,0.1918729364871979,168.97640380859374
168.47044856373856,0.19490127192764747,168.27554805104324,169.4439239501953,0.18272700011730195,169.26119689941407
166.01744526188548,0.1829499784039288,165.83449573051638,167.75586853027343,0.1870502084493637,167.56882019042968
166.3742076594655,0.1915755024770411,166.18263281845464,167.1722412109375,0.1728085458278656,166.9994323730469
167.37294378513243,0.1865758107202809,167.18636824445028,168.22806396484376,0.20052639842033387,168.02753601074218
166.46902763552782,0.2014307761337699,166.26759598894816,166.40172424316407,0.17419785261154175,166.22752380371094
165.80861198611376,0.17663233618183835,165.6319803377477,167.1573944091797,0.18652775883674622,166.97086486816406
165.62787683998667,0.18490674037758897,165.4429704619617,165.58880920410155,0.17117465436458587,165.41763305664062
165.11744243342702,0.1715277447933104,164.94591503608518,164.95987854003906,0.1978463351726532,164.76203002929688
165.19129497248952,0.1860860171841412,165.0052092017197,164.8717498779297,0.1660049468278885,164.70574645996095
165.14767344405013,0.16961308895814708,164.97806046648722,164.8892852783203,0.1739138573408127,164.7153747558594
165.86819346358138,0.18471182010522702,165.68348172815834,164.89138793945312,0.16845674812793732,164.72293090820312
165.5325187124857,0.17059934230112447,165.36191949611757,163.4543029785156,0.1749352127313614,163.27936401367188
165.34767523044493,0.18461568362829162,165.16306100240567,168.44125061035157,0.16020237803459167,168.2810485839844
164.7792369563405,0.1648703668175674,164.61436648485136,164.7375274658203,0.16989084780216218,164.56763610839843
163.4012276254049,0.1690149750651383,163.23221234577457,164.69609680175782,0.15743281543254853,164.53866271972657
162.91285445050497,0.15971909390717018,162.75313586723513,166.23190612792968,0.1605360120534897,166.07137145996094
163.33433346632052,0.167854967095503,163.16647785465892,166.54844360351564,0.15226549804210662,166.39617614746095
163.86998804604136,0.1580046346274818,163.71198477396152,165.00229187011718,0.16501411497592927,164.8372772216797
162.69658940012863,0.16388423849896686,162.53270479527916,166.76978454589843,0.1518228232860565,166.6179656982422
163.4038592082698,0.1562686464408549,163.24759059999047,164.1232421875,0.16820203363895417,163.95504150390624
162.54154819395484,0.16195045865890456,162.3795984779916,162.71002197265625,0.14934951364994048,162.5606719970703
163.49510602253238,0.15604169848488597,163.33906517959224,164.38135986328126,0.16041039526462555,164.2209503173828
163.85639320931784,0.15415362650301398,163.7022396180688,165.03806762695314,0.15176297426223756,164.8863067626953
161.70609115972752,0.1569876845290021,161.54910241103755,162.96036376953126,0.15011591762304305,162.81024780273438
163.20314993509433,0.15939547557656358,163.04375439155393,165.2964660644531,0.14313754439353943,165.15332641601563
162.00625052103183,0.15485429945515422,161.8513946533203,166.01600036621093,0.1512021005153656,165.86479797363282
162.37757910751714,0.1524760726748443,162.2251032387338,161.89017639160156,0.14778968691825867,161.7423858642578
160.40904459139196,0.15384048877692805,160.2552039914015,161.32041625976564,0.14874889552593232,161.17166748046876
161.78729248046875,0.1508080028906101,161.63648540217702,161.51895751953126,0.14412325024604797,161.3748352050781
160.93487251095655,0.15151894310625588,160.78335236340035,162.3780029296875,0.14116987586021423,162.23683166503906
162.0842061856898,0.14968123250618215,161.934525280464,164.06883239746094,0.14253303706645964,163.92630004882812
161.2866240710747,0.14879628216348043,161.13782854778012,162.09445495605468,0.14369463324546813,161.9507598876953
161.3852200391816,0.1489454878539574,161.2362741609899,163.2866180419922,0.13746825754642486,163.14915161132814
161.28464712747714,0.14928072182143606,161.1353670445884,162.96800842285157,0.1392309159040451,162.8287780761719
159.8109104807784,0.1493698420321069,159.66154070598324,162.89465942382813,0.1429660677909851,162.75169372558594
160.58643396889292,0.1485594943529222,160.43787439858042,163.00577087402343,0.1366350457072258,162.86913452148437
160.37201299899962,0.14636618862064874,160.22564697265625,159.4491973876953,0.1370211660861969,159.3121795654297
161.3002453315549,0.1471803331883942,161.15306537907298,163.21976013183593,0.13499795794487,163.0847625732422
161.38535736828317,0.14804208369516744,161.23731510813644,164.38928833007813,0.13694326132535933,164.25234375
159.51735445348228,0.15939772129058838,159.35795667694836,163.45509033203126,0.14037484377622605,163.3147186279297
158.9926359595322,0.17215459230469493,158.82048109101086,163.90790100097655,0.14422769248485565,163.7636749267578
160.19310593023533,0.20124244181121267,159.99186371593942,161.47787780761718,0.15861108303070068,161.31926879882812
159.9428487638148,0.2308636823805367,159.71198440179592,162.07042236328124,0.1844381332397461,161.88598022460937
159.0872352414015,0.30773198895338105,158.77950268256956,160.7461395263672,0.15491774678230286,160.59122314453126
158.7229260700505,0.26045214439310677,158.4624734273771,163.09669189453126,0.16078148782253265,162.9359100341797
275.77080107898246,0.24671578661697666,275.52408209079647,166.07406311035157,0.16107212603092194,165.91299133300782
162.80595658465128,0.1724543778634653,162.6335017506669,164.66831665039064,0.15398936867713928,164.5143280029297
161.68620598025439,0.15840287161309544,161.52780225800305,161.75609436035157,0.15494739711284639,161.60114440917968
160.07859765029536,0.15015009118289482,159.9284474442645,162.99255981445313,0.15217033624649048,162.84038696289062
159.25123596191406,0.15027524676264786,159.100960708246,164.90740661621095,0.15667084157466887,164.7507354736328
159.4462741758765,0.14823233536103878,159.29804322777724,161.64234313964843,0.15571508407592774,161.48662719726562
158.8157676138529,0.1477795495856099,158.6679881026105,159.46485290527343,0.15231828391551971,159.31253051757812
159.6551629043207,0.1478222421393162,159.50734133836698,161.02952575683594,0.1561968058347702,160.8733337402344
158.86734008789062,0.14554570760668778,158.72179505883193,160.1876434326172,0.14471920281648637,160.0429229736328
159.2698542897294,0.1449675738084607,159.12488611733042,163.69483642578126,0.14630885422229767,163.54852600097655
157.95522103658536,0.14308906164838048,157.81213155606898,160.97464294433593,0.14719245880842208,160.82744750976562
158.40814432283727,0.14294989715989043,158.26519552091273,162.5615966796875,0.1449577823281288,162.41664123535156
158.89509768602323,0.1421091483860481,158.75298886182833,160.34701538085938,0.141558176279068,160.20545959472656
158.62317303913395,0.1428270110996758,158.48034630752193,159.52716979980468,0.1421404778957367,159.3850311279297
158.48190382050305,0.14065618576799951,158.34124793075932,162.06686706542968,0.13691259920597076,161.9299560546875
157.96841691179972,0.14154781691911744,157.82686931330983,162.7383605957031,0.1390189290046692,162.5993438720703
157.88413071050877,0.1412241684227455,157.74290652391386,161.28282775878907,0.14103446155786514,161.14179382324218
159.1027712938262,0.14084485645701245,158.96192671612997,160.94901428222656,0.13728017061948777,160.81173400878907
158.04168031273818,0.13954363381717264,157.90213608160252,162.37403259277343,0.13294850587844848,162.2410858154297
158.34994581269055,0.1400576295649133,158.20988724871378,158.38489379882813,0.13986981511116028,158.24502258300782
158.0923476800686,0.139372038405116,157.95297650593082,160.6496551513672,0.13227198272943497,160.5173797607422
158.5806140434451,0.13868829353553494,158.44192504882812,158.59719848632812,0.13605155050754547,158.46114807128907
158.43299754072982,0.1394470915561769,158.2935504448123,162.9021026611328,0.13134052008390426,162.77076416015626
158.60821049387863,0.13758941867002628,158.4706208764053,158.5666015625,0.1325096994638443,158.43409118652343
157.40645617973513,0.1377010043801331,157.26875491258573,159.62882385253906,0.1306566298007965,159.4981658935547
159.00194344869473,0.13739953971490626,158.86454326350514,159.699560546875,0.1283664107322693,159.57119140625
158.08040637504763,0.1371674664863726,157.94323879334985,157.7786895751953,0.12666691243648528,157.6520263671875
157.6440861399581,0.1371267334353633,157.50695875214367,162.3274719238281,0.12827976942062377,162.19919128417968
157.33012799518863,0.13591209362919737,157.1942168445122,160.71539916992188,0.12991976439952851,160.58547973632812
158.43791943061643,0.13689020893922665,158.3010279957841,164.93514404296874,0.12598458230495452,164.8091613769531
156.99904837259433,0.13594685385866864,156.86310186618712,159.42176208496093,0.12685488164424896,159.29490966796874
158.11504829220655,0.1359970204350425,157.97905005478276,162.52354125976564,0.12695187330245972,162.39658813476564
157.32176655094798,0.1359571741848457,157.18580962390433,162.97112426757812,0.12692723274230958,162.84419860839844
156.61662329697026,0.13571517496574215,156.48090790539254,161.61925659179687,0.12829934060573578,161.49095764160157
157.13892420326792,0.13553899617456808,157.00338484601278,157.87886962890624,0.12573830038309097,157.7531311035156
157.38483521996474,0.13589590115518105,157.24894081673972,158.18783874511718,0.12263675183057784,158.06520080566406
157.50477004632717,0.13462992230566537,157.37014100609755,160.3994598388672,0.1266303077340126,160.2728271484375
156.758964724657,0.13545864257143764,156.62350724383097,162.42124938964844,0.12470236420631409,162.29654541015626
156.9656524658203,0.13523351710017134,156.83041940084317,159.22491149902345,0.12376104146242142,159.1011505126953
156.4362197503811,0.13475943429440987,156.30146045219607,158.7191589355469,0.12283488959074021,158.59632263183593
157.11097121820217,0.1344425282100352,156.97652974942835,161.50143127441407,0.1265796959400177,161.37485046386718
156.97156840998952,0.134803901903513,156.83676482409965,159.47988891601562,0.12392234653234482,159.35596618652343
156.32250790479708,0.13505134822391882,156.18745757312308,159.38245239257813,0.12315477728843689,159.25929565429686
157.6607829768483,0.1339126616352942,157.52687072753906,159.688330078125,0.12081590592861176,159.56751708984376
157.78684402093654,0.13450110885428218,157.65234337783443,160.45082092285156,0.12212780565023422,160.32869567871094
156.2170559022485,0.1340543625921738,156.08300148568503,160.4579650878906,0.12058437764644622,160.33738403320314
157.52959572396628,0.13737611018302964,157.39222010170542,160.1198944091797,0.12158945649862289,159.99830322265626
155.95537213581363,0.1398417822471479,155.81552980004287,158.92777099609376,0.12378467172384262,158.80398559570312
156.2959237447599,0.1421892457618946,156.1537341606326,161.2998504638672,0.12176690846681595,161.17808532714844
155.97401949254478,0.14439152235664973,155.82962743247427,159.96398010253907,0.12471025884151458,159.83927001953126
156.6470664419779,0.14594123676055815,156.5011269173971,160.74635009765626,0.12262288928031921,160.62372741699218
157.19159307712462,0.1447343490109211,157.0468586247142,158.4225616455078,0.12453195303678513,158.29802856445312
156.15641821884526,0.14213901958087596,156.0142796214034,160.9975341796875,0.11973416060209274,160.87779846191407
156.42092448909108,0.1417356069858481,156.2791893191454,159.46766662597656,0.12324507385492325,159.34442138671875
156.9274764642483,0.14032102158156837,156.78715664002954,159.07408447265624,0.11996852159500122,158.95411987304686
155.9256249404535,0.1378156017602944,155.78780979063453,160.87486572265624,0.12070459425449372,160.75415954589843
156.27366898699503,0.13725863160883509,156.13641096905965,157.9076934814453,0.12012816369533538,157.78756408691407
157.13049093106898,0.13702902325042865,156.99346142280393,160.96165771484374,0.11945709884166718,160.84219970703126
156.44686777998763,0.1362944855922606,156.31057329875668,160.4646484375,0.11768493056297302,160.3469665527344
155.77500245629287,0.13404871069076585,155.6409539943788,161.27312316894532,0.12066980302333832,161.15245361328124
156.82870185665968,0.13570041809140182,156.69300097953982,160.09125366210938,0.11826943308115005,159.97298583984374
155.5174192102944,0.13592100579564165,155.38149763898153,158.87563781738282,0.11839852333068848,158.75723571777343
157.3199090725038,0.13561141854379236,157.18429639862805,158.3797821044922,0.11771431267261505,158.26206970214844
156.83039409358327,0.13462607308131894,156.69576914717513,158.3253601074219,0.11879716515541076,158.20656127929686
156.24245322622903,0.13535178380041588,156.10710255692643,161.1588928222656,0.11703701168298722,161.04185180664064
155.36876101610136,0.13366220727926348,155.2350988620665,158.7653045654297,0.11882146745920182,158.646484375
155.2680719887338,0.13346647016885804,155.13460522163206,160.95899963378906,0.11608863770961761,160.84291076660156
156.56355173994857,0.13281738303783464,156.4307351461271,160.27791442871094,0.11736895740032197,160.1605438232422
156.49652732290872,0.13213086982325808,156.36439551376714,159.14378051757814,0.11729707270860672,159.0264862060547
155.69942827922543,0.13167724122361438,155.5677516285966,157.95846862792968,0.11661629229784012,157.84185180664062
156.18479621701124,0.13165276552118907,156.05314301281442,158.68067626953126,0.11707608103752136,158.5636016845703
156.29910762135574,0.13214887733139644,156.166957948266,157.62135314941406,0.11711436808109284,157.50424194335938
155.37069702148438,0.1330209303556419,155.23767536442455,159.22037353515626,0.11541788578033448,159.1049591064453
155.6890329500524,0.13509111687904451,155.55394168016386,156.66756286621094,0.11731587052345276,156.550244140625
155.8478747111995,0.1375021194902862,155.71037255263911,160.60960388183594,0.11849563419818879,160.4911102294922
155.66959957960177,0.14130170043648743,155.5282979825648,159.02200012207032,0.11771498918533325,158.90428466796874
155.28683843845275,0.14768275400487388,155.13915606242855,157.97110900878906,0.12061266005039215,157.85049743652343
156.19885365555925,0.1479970511139893,156.05085791611089,160.5696807861328,0.12127960324287415,160.44840393066406
155.01292679949503,0.15096268021478887,154.86196490031918,156.7086944580078,0.11606552898883819,156.592626953125
154.83948572670542,0.14936616671521488,154.69011967356613,157.98931579589845,0.12350259274244309,157.86581115722657
154.1735865895341,0.15091008747496257,154.02267493271245,162.39212951660156,0.11764793246984481,162.27448120117188
154.58874325635958,0.14124555249766604,154.44749897282298,156.90588989257813,0.11996698379516602,156.78592529296876
153.87093967344703,0.13813926570299195,153.73279925090512,160.05660705566407,0.11715572029352188,159.939453125
155.22855656321457,0.13297125424553707,155.09558477634337,159.40794067382814,0.11744124293327332,159.2905029296875
154.7055295618569,0.13367327484415797,154.57185587068884,155.6217529296875,0.11492968946695328,155.50682067871094
154.99702007014577,0.1317571427037076,154.8652626595846,159.93955688476564,0.11614068001508712,159.82341613769532
155.3717268036633,0.13197868753497194,155.23974646591557,160.44180908203126,0.11535251289606094,160.32645568847656
155.51109500047636,0.1315092682474997,155.37958619652724,159.39207763671874,0.11661584973335266,159.27546081542968
154.17770274092513,0.1317484198910434,154.04595351800685,160.97206420898436,0.11626979112625122,160.8557922363281
155.58034682855373,0.13038480427207016,155.44996047601467,158.8966522216797,0.11612936705350876,158.78052368164063
154.90485475121474,0.131624211988798,154.7732305759337,158.14264526367188,0.11500978916883468,158.0276336669922
155.00134500643102,0.1303499946143569,154.8709943817883,160.59383239746094,0.11635899394750596,160.47747192382812
154.38249950874143,0.13069545368595822,154.25180463093082,156.85137023925782,0.1160818412899971,156.73529357910155
154.4783191215701,0.1306768724831139,154.34764099121094,156.05545959472656,0.11409043222665786,155.94136962890624
154.3697565590463,0.13045995246346404,154.23929614555544,159.48415832519532,0.11554720401763915,159.3686096191406
154.0828377328268,0.13038915813696095,153.95244877512863,157.40497436523438,0.11298677027225494,157.2919891357422
154.5970291509861,0.1309464183158991,154.46608231707316,157.43861083984376,0.11368766129016876,157.32492370605468
154.02191757574315,0.1307382997943134,153.89118027105565,159.93605041503906,0.1142032116651535,159.82184753417968
154.4553419904011,0.13116707598290792,154.32417520662634,160.64820556640626,0.11306328773498535,160.53514404296874
154.7294151492235,0.1307681175630267,154.5986476991235,155.61951599121093,0.114629827439785,155.5048858642578
154.32514804747046,0.13114593850403297,154.19400136063737,157.9789031982422,0.11304819732904434,157.86585388183593
154.08190843535633,0.1299552982900201,153.95195267840128,160.33214111328124,0.11279095858335494,160.21935119628907
154.85485653760958,0.1302184538870323,154.7246376595846,158.13731689453124,0.11201239377260208,158.02530517578126
154.60056584055832,0.13016481134222774,154.47040055437785,160.3521240234375,0.11409327387809753,160.23803100585937
153.76179467177974,0.13149459060372376,153.63030038228848,156.46563110351562,0.11220257431268692,156.35342712402343
154.20072490413014,0.13006203585281606,154.0706641964796,159.8516632080078,0.11284872889518738,159.7388153076172
153.44590945360136,0.13059207015648122,153.31531729349277,159.59789123535157,0.11348858922719955,159.48440551757812
154.2937774658203,0.13042418931315586,154.16335203589463,157.86558837890624,0.11323323696851731,157.75235290527343
152.75004428770484,0.13152726067275536,152.61851799197314,156.80940856933594,0.11245916485786438,156.69695129394532
154.4734943669017,0.1303579701883037,154.34313629894723,155.88148803710936,0.11376440823078156,155.767724609375
153.35525698778105,0.13219364369060935,153.2230626548209,155.01798400878906,0.1129489541053772,154.9050323486328
153.63923384503622,0.13303274007105245,153.50620176733995,158.81336975097656,0.1133532091975212,158.70001831054688
153.04168068490378,0.13680973285582007,152.90487075433498,159.2811248779297,0.11465902775526046,159.16646728515624
154.11640223061167,0.14218178155218683,153.97422120629287,155.75570373535157,0.11888999044895172,155.63681030273438
154.69049109482182,0.1438492492931645,154.54664202434262,156.55391845703124,0.11402099281549453,156.4398986816406
153.67898447920638,0.1392801731097989,153.53970597429972,158.66049499511718,0.117988021671772,158.54250793457032
153.42172650593082,0.14273897685655734,153.2789872332317,159.50775146484375,0.11467229872941971,159.39307556152343
153.30353862483327,0.1354612451864452,153.16807667802018,159.49844055175782,0.1209826037287712,159.37745666503906
153.48863331864518,0.13975506294064405,153.34887844178735,160.61676025390625,0.11448425352573395,160.5022766113281
154.78976998678067,0.13275038432784197,154.65702001059927,158.32904663085938,0.12052276581525803,158.2085205078125
153.17606484017722,0.134551890557859,153.04151209389292,155.56408081054687,0.11795465052127838,155.44612731933594
153.06011367425685,0.13199972215949035,152.9281151003954,157.5603485107422,0.11813350319862366,157.4422149658203
153.82411975395388,0.13211860307833043,153.69199948194552,158.87088623046876,0.11842404007911682,158.7524658203125
152.8546961342416,0.1308293862313759,152.7238654159918,158.26346435546876,0.1190255880355835,158.14443969726562
153.76847504406442,0.13286420793795004,153.63561081304783,156.9960906982422,0.11725987493991852,156.8788299560547
154.34470572122714,0.13167038850668,154.21303614174448,157.5697235107422,0.12162754237651825,157.4480987548828
153.63053261361472,0.1331922893480557,153.4973401325505,157.4493194580078,0.12176072597503662,157.3275573730469
152.74125969119189,0.1329485873987035,152.60831135075267,157.818359375,0.12006812691688537,157.698291015625
153.5489472179878,0.13376465603345777,153.41518197408536,157.64378967285157,0.12531810402870178,157.5184753417969
152.806464962843,0.132992392087855,152.67347196253334,157.08031005859374,0.12410792410373687,156.956201171875
153.39302435153868,0.13617692033692105,153.2568474746332,159.01991271972656,0.12276716530323029,158.8971435546875
152.71895022508573,0.13289976247200153,152.58604877751048,157.18417663574218,0.1312025010585785,157.0529754638672
153.16236691358614,0.13786740364824854,153.02450003275058,160.8020782470703,0.13065754622220993,160.67142333984376
153.145439334032,0.13542258757643583,153.01001758110232,156.63079223632812,0.13419383764266968,156.49660034179686
153.32004342428067,0.1374788455119947,153.18256433998667,156.84345092773438,0.13714116513729097,156.70630798339843
154.19667537037918,0.13774502949743736,154.05892981552495,156.06934204101563,0.14416374564170836,155.92517700195313
152.45374205054307,0.14127947190185872,152.31246241127573,156.07502136230468,0.14328716397285463,155.93173522949218
152.60380182033632,0.14068124497809062,152.4631198790015,160.16704711914062,0.1489344984292984,160.0181121826172
152.9966158983184,0.14428485530178722,152.85233064977135,158.22327880859376,0.14355653822422026,158.07971801757813
152.63045855266293,0.14414534717798233,152.48631212187976,157.72522583007813,0.13945967257022857,157.5857666015625
153.2754334240425,0.14775549747594974,153.1276766149009,158.15804443359374,0.12591319978237153,158.03213195800782
153.144668206936,0.14592353436278133,152.998745057641,156.21991882324218,0.11770495176315307,156.10221252441406
151.88008936440073,0.14217082501911535,151.73791876071837,159.28753051757812,0.11297605633735656,159.17455444335937
152.22764550185786,0.1390752863229775,152.08857057152724,156.08882751464844,0.11192601919174194,155.97690124511718
152.64525995021913,0.13660908781173753,152.5086506169017,157.08698425292968,0.1100835382938385,156.97690124511718
151.7446437928735,0.13307602430989102,151.6115692883003,159.11497802734374,0.1109095111489296,159.00406799316406
152.29973397603848,0.13266659273606976,152.1670662484518,155.5414306640625,0.11055182218551636,155.43087768554688
152.66352434856137,0.1311231520844669,152.53240073599466,155.82369079589844,0.11015044450759888,155.71354064941406
152.85267974109183,0.13086288731272627,152.72181701660156,154.86114501953125,0.11024142354726792,154.7509033203125
152.72570689131575,0.13070713728666306,152.59500047637195,158.45960693359376,0.11090703755617141,158.34869995117188
151.95939264064882,0.13091708556181048,151.8284748356517,157.56439514160155,0.10966535657644272,157.45473022460936
152.25308190322505,0.1297564635553011,152.12332637135574,155.85112609863282,0.11114314347505569,155.73998413085937
152.07635498046875,0.12948168178157107,151.9468741068026,156.36158447265626,0.1104629322886467,156.2511199951172
152.22437193335557,0.12929201235131518,152.09507974764196,155.55791320800782,0.11084533035755158,155.4470703125
152.33734800757432,0.12942884898767237,152.2079196092559,157.71481323242188,0.11047758907079697,157.60433654785157
151.51866931450076,0.12892434800543437,151.38974408405582,155.15670776367188,0.1120513841509819,155.0446563720703
153.43476160561167,0.12937726698270657,153.30538493830983,157.7092315673828,0.11142270117998124,157.59780578613282
151.67123189786585,0.13034185948895244,151.54088946086605,156.3956512451172,0.11086872816085816,156.28477783203124
152.35434071610612,0.12917569552252933,152.22516539038682,157.40989685058594,0.11143051832914352,157.2984649658203
151.76666185332508,0.13016641703320714,151.63649507848228,156.90557250976562,0.11347227543592453,156.79209899902344
151.95187191846895,0.12990070715910051,151.8219704976896,154.99332580566406,0.1111577183008194,154.88216552734374
152.289454390363,0.12956485552031818,152.1598894072742,156.1758819580078,0.11279880255460739,156.06308288574218
152.12643879215892,0.12915237011705957,151.99728654070597,158.1262664794922,0.11061693578958512,158.01565246582032
151.0011436648485,0.1291601959525085,150.87198471441502,158.43689575195313,0.1113182857632637,158.32557678222656
152.58414589486472,0.1295021092746316,152.45464231909776,155.59718322753906,0.11145549267530441,155.48572692871093
151.99139776462462,0.12987590980965916,151.8615216511052,155.6476593017578,0.11141364276409149,155.53624572753907
152.29715449635574,0.12863677594719863,152.16851881073742,155.74875183105468,0.11051209121942521,155.63823852539062
151.62819876321933,0.12821653448953862,151.49998176388624,159.00882263183593,0.11174641698598861,158.89707641601564
151.13606634372618,0.1283078333590089,151.00775816382432,157.44802551269532,0.11098023504018784,157.33704528808593
151.82761215582127,0.12813798374519114,151.69947405559262,157.35458068847657,0.11214033365249634,157.24244079589843
151.97478168766673,0.12766832494881095,151.8471113995808,157.92593688964843,0.11192988902330399,157.8140075683594
152.0798001173066,0.12833047876270806,151.9514699796351,157.1803436279297,0.11110027581453323,157.06924133300782
151.3706534781107,0.12812141165500734,151.2425313810023,155.39114685058593,0.11074836701154708,155.2803985595703
151.32783433867664,0.12803324875308247,151.19980118914347,155.38974304199218,0.1126464769244194,155.2770965576172
152.2433430741473,0.1280734164685738,152.115268614234,159.87892456054686,0.11108204275369644,159.7678436279297
151.51748843309355,0.1281581270258601,151.3893302359232,154.93424377441406,0.11203389167785645,154.82221374511718
151.8978331030869,0.12831005217825495,151.76952380668826,154.9413818359375,0.1114777684211731,154.82990112304688
151.41383138517054,0.12767811628376566,151.28615290944168,156.7833984375,0.11128748804330826,156.67210693359374
151.20676924542684,0.12887031893904616,151.0778983511576,157.52972412109375,0.11188936978578568,157.41783142089844
151.98957675840796,0.12824114393897174,151.86133556831174,156.18781433105468,0.11077208966016769,156.07704467773436
150.86039212854897,0.13025935139597916,150.7301334288062,158.47860107421874,0.1126259833574295,158.36597595214843
151.43239165515433,0.12970234072063028,151.302689342964,156.34247741699218,0.1109839290380478,156.23149719238282
150.72305595584032,0.13276906075274073,150.59028662704839,156.79314270019532,0.11364230960607528,156.67949829101562
151.5068791087081,0.13011256332804516,151.3767659257098,155.16486206054688,0.11173920631408692,155.0531219482422
151.10553871713034,0.13067838513269658,150.97486058677114,156.21849670410157,0.11203938871622085,156.10645751953126
152.25393788407487,0.12881049659194016,152.1251280249619,153.31548461914062,0.11086038649082183,153.20462646484376
150.40615695860328,0.12892621083230507,150.277230239496,157.62662353515626,0.1115146592259407,157.5151123046875
150.90866944848037,0.1282810917714747,150.78038880883193,155.86513977050782,0.10953438580036164,155.75560607910157
150.52729090248667,0.12827733249925985,150.39901435665968,154.25599975585936,0.11070250123739242,154.14529418945312
151.34801241246666,0.12765359824023595,151.22035849966653,153.47832946777345,0.10967389792203903,153.3686553955078
150.60122606230945,0.12725358965193354,150.47397259968082,155.40670166015624,0.11111749261617661,155.2955810546875
151.62048153760958,0.12750737223683334,151.49297574671303,155.29529724121093,0.1105499267578125,155.18474731445312
151.38814302770103,0.1272843192990233,151.2608583031631,156.8279235839844,0.11063379943370819,156.71729125976563
150.9958749166349,0.12713456317418959,150.8687405469941,157.7506317138672,0.11017433106899262,157.6404602050781
151.4743536972418,0.1273236122073197,151.34703026748286,154.6087219238281,0.11033528298139572,154.49838562011718
150.43928081233327,0.12715345021428132,150.31212671791636,155.89134521484374,0.10988523960113525,155.78146057128907
150.8056555026915,0.12701353376231542,150.67864171470083,158.54927673339844,0.11036355346441269,158.43891296386718
150.39998161502,0.12693485653981929,150.27304747046495,157.98043212890624,0.11079360246658325,157.86963806152343
151.88157132776772,0.12697332097989758,151.75459810582603,155.8513214111328,0.11088900566101074,155.7404296875
150.21668522532394,0.12680047423374363,150.08988543254574,154.51878662109374,0.11050612479448318,154.4082824707031
150.15453617747238,0.12709554957180488,150.0274405130526,156.69126586914064,0.11020775139331818,156.5810577392578
150.75635212223705,0.12692139370412361,150.6294313756431,156.95529479980468,0.11022477000951766,156.845068359375
151.15641077553354,0.12687999846004858,151.02953096715416,154.5306427001953,0.11023840457201003,154.42040405273437
149.88885163097848,0.1271950324497572,149.76165734267818,156.32715454101563,0.11023481637239456,156.2169219970703
150.98614204220655,0.12704788402813236,150.8590940149819,157.77010803222657,0.1113103523850441,157.65879516601564
150.98652797792016,0.12794473004050372,150.85858340379667,155.35374450683594,0.11055778712034225,155.2431854248047
151.71343473108803,0.12705210251052204,151.58638112137956,156.83586730957032,0.111111019551754,156.724755859375
150.26875267959224,0.1272878332472429,150.1414649777296,156.9820770263672,0.1100300058722496,156.8720458984375
149.93630832579078,0.12703442991506764,149.80927444085842,154.5845703125,0.11296855509281159,154.4716033935547
149.90472114376905,0.1279847561949637,149.77673563143102,157.30967407226564,0.11024836897850036,157.19942626953124
150.87626461866427,0.12694361914948718,150.74932191430068,154.4730010986328,0.11080450415611268,154.36219482421876
151.0291241901677,0.1275245930726935,150.9015997909918,152.26761779785156,0.11163731068372726,152.1559844970703
151.0083856350038,0.12704037093534704,150.88134430675973,155.6076446533203,0.10996951758861542,155.49767150878907
150.22716578041636,0.1273067640822108,150.0998594702744,156.30625915527344,0.10851960778236389,156.19773864746094
150.24552880263911,0.12649485178110076,150.1190330691454,156.9637023925781,0.10974605679512024,156.853955078125
150.8475196652296,0.12698336327221335,150.72053565048589,154.83920593261718,0.1094646006822586,154.72974243164063
151.13337409787061,0.12658197687166492,151.0067931384575,155.55613708496094,0.11011771261692047,155.44601745605468
150.68673296672543,0.12718079384507203,150.55955170422067,155.9805419921875,0.11069508343935013,155.8698486328125
150.2694597942073,0.12733301756585516,150.14212482731517,156.00259094238282,0.11057701259851456,155.8920104980469
150.24343276605373,0.1267965332400508,150.11663557843465,154.0715301513672,0.11097678244113922,153.96055297851564
151.15336497237044,0.12666730873468446,151.02669841487233,154.03409423828126,0.11037914156913757,153.92371826171876
149.30153711830698,0.1269429193400755,149.1745944139434,155.48891906738282,0.11002090573310852,155.37890014648437
150.37225416229992,0.12682981462013432,150.24542422410917,156.80068664550782,0.1099139243364334,156.6907745361328
150.34745007026487,0.12665889048721732,150.22079058391293,157.28033447265625,0.10979216396808625,157.17054138183593
150.150050093488,0.12637214707892117,150.02367680247238,158.6094482421875,0.10945731401443481,158.49998779296874
149.84260224133004,0.12645889218987488,149.71614260789823,157.69725341796874,0.11014034897089005,157.5871154785156
150.60729645519723,0.12652531484278237,150.48077132062215,154.60513305664062,0.10992521345615387,154.49520874023438
149.82180339534108,0.1267395284844608,149.69506389338795,155.86563110351562,0.10992830693721771,155.75570068359374
149.77344978146436,0.12634223863119032,149.64710775235804,155.4520294189453,0.10902035236358643,155.34300537109374
149.9818424131812,0.12655271244485203,149.8552897383527,158.10626220703125,0.1101045086979866,157.99615478515625
149.74099396496285,0.12675105689502345,149.6142429258765,151.83712463378907,0.10879052877426147,151.72833251953125
149.88871430187692,0.12646928774874386,149.76224499213987,157.39639892578126,0.10932937264442444,157.2870666503906
149.5573358303163,0.12633170132956853,149.43100347751525,156.77762451171876,0.10995491743087768,156.66766662597655
150.64605154642246,0.1266203315519705,150.51943039312596,152.81488037109375,0.10934496819972991,152.70553588867188
150.30061489198266,0.12701631791707946,150.17359924316406,156.9593505859375,0.10949738919734955,156.849853515625
149.76744079589844,0.12704054575140883,149.64039983981993,154.940771484375,0.10929782837629318,154.83147583007812
150.41990401105184,0.12618263520118667,150.29372126881668,155.12284240722656,0.10964488685131073,155.01319885253906
149.53293181628715,0.12619825852353397,149.40673455959413,154.83525695800782,0.10925916135311127,154.7259979248047
150.05704926281442,0.12637727562247253,149.93067187797732,153.74969482421875,0.10947198271751404,153.64022521972657
150.00195945181497,0.12611535954766157,149.87584369938548,156.1541717529297,0.10820714682340622,156.04596252441405
149.13968118807165,0.12634889908680103,149.01333171565358,156.65102844238282,0.10870113223791122,156.54232482910157
149.95842612661966,0.12603717133766268,149.832388901129,159.3589660644531,0.1084054708480835,159.2505615234375
149.80967340236757,0.1262311299399632,149.68344227860612,154.5522033691406,0.10798689275979996,154.44421997070313
149.9218924917826,0.1263156367874727,149.7955772585985,154.2643035888672,0.10928166061639785,154.15502319335937
149.39588444407394,0.12625081764488685,149.26963285120522,151.33722534179688,0.11001750230789184,151.22720947265626
149.61471594833745,0.12601333329590356,149.48870365794113,156.2821807861328,0.10948138386011123,156.17269897460938
148.7465563518245,0.12631096981647538,148.62024670112424,154.88277587890624,0.1085824191570282,154.7741943359375
148.30354830113853,0.12612833464291037,148.1774191507479,154.49107055664064,0.10795763581991195,154.38311462402345
149.99522623201696,0.1260857278617417,149.869140625,155.82088623046874,0.10869464427232742,155.71219482421876
149.16415181974085,0.12599178022000848,149.03816074278296,153.69125366210938,0.10836739987134933,153.5828857421875
148.973110292016,0.12597122279609121,148.8471393119998,156.9931610107422,0.10872655659914017,156.88443298339843
149.56896749356898,0.12575481286863002,149.44321236959317,155.99434509277344,0.10835581719875335,155.8859893798828
149.08491181164254,0.12564653394425787,148.9592653600181,153.8412078857422,0.10858096033334733,153.73262634277344
149.21480467261338,0.12568131725235684,149.0891228652582,157.25172729492186,0.10858314484357834,157.1431427001953
149.6490593886957,0.12597182047803226,149.5230880365139,155.63924865722657,0.10856050699949264,155.5306884765625
148.7616874880907,0.12588829783404745,148.63580024533155,152.8658660888672,0.1087951421737671,152.75707092285157
148.55541359506003,0.1261657252907753,148.42924908893863,156.45316162109376,0.1082011952996254,156.34496154785157
149.39748215093846,0.12571224461241468,149.27177057033632,155.61343383789062,0.1085311308503151,155.5049041748047
148.52252160049068,0.12580820209369425,148.39671511766386,155.51506652832032,0.10855767130851746,155.40650939941406
149.14474933903392,0.1258069600273923,149.01894173971036,155.1266876220703,0.10853713303804398,155.01814880371094
149.83163228849085,0.1258330884866598,149.70579938190738,153.9644744873047,0.10771026015281678,153.8567626953125
149.02194809332127,0.1256515977949631,148.8962968035442,154.54212951660156,0.10858533531427383,154.433544921875
149.18220482802974,0.12586925814791425,149.05633768221227,157.0668914794922,0.1075092613697052,156.95938110351562
149.27788711175685,0.12550067847094884,149.1523865490425,156.0689270019531,0.1078016147017479,155.96112670898438
148.98575647865854,0.1257308806951453,148.86002591761147,157.22620544433593,0.10784571766853332,157.1183624267578
149.53801894769435,0.12560246048904047,149.4124160394436,155.40838623046875,0.10812366753816605,155.30026245117188
148.98230129334985,0.12577958750288662,148.85652011778296,156.10862426757814,0.10839906483888626,156.00022583007814
148.87462895090988,0.12563304930198482,148.74899552508097,156.57305297851562,0.10720717757940293,156.4658416748047
148.8299273979373,0.12573846157004193,148.7041897657441,157.94674072265624,0.10858313888311386,157.83815307617186
147.82829619616996,0.12555744971443966,147.70273794778964,154.9949737548828,0.10717436075210571,154.88780212402344
149.0815001697075,0.12552486923409673,148.9559757883956,152.5663818359375,0.10794669091701507,152.45843505859375
148.88041835877954,0.12550130068528942,148.754917051734,154.19621887207032,0.10780425071716308,154.08841247558593
148.50046222965892,0.12565923464007495,148.37480200790776,157.7061767578125,0.10816560238599777,157.59801025390624
148.8378991848085,0.12551807975623666,148.71238113031154,156.11139526367188,0.10755708664655686,156.00383911132812
149.77813050805068,0.12545680690829347,149.65267162788206,153.98871459960938,0.10701889991760254,153.88169555664064
149.30139867270864,0.12561492767275834,149.1757842273247,154.63872375488282,0.1073531299829483,154.5313720703125
149.06817403653773,0.12551625345538303,148.94265709853755,155.07567443847657,0.10782955586910248,154.96784362792968
148.64316354146817,0.12561207228317495,148.51755058474657,155.74476318359376,0.10673179775476456,155.63803100585938
149.04958659846608,0.12550744614223155,148.92407859243997,155.98789978027344,0.10722572803497314,155.88067626953125
148.671585827339,0.12546690189983786,148.54611875952745,153.64571228027344,0.10717165023088455,153.53854064941407
147.66479827136527,0.12539905564087192,147.53939819335938,155.09695129394532,0.10728798508644104,154.98966369628906
149.41585559379763,0.12549324079257687,149.29036284656058,153.93834533691407,0.10760794430971146,153.8307342529297
149.02715394555068,0.12544260646511868,148.9017110685023,155.83445739746094,0.10716089606285095,155.727294921875
148.9787117562643,0.125347111646722,148.85336415360612,156.92040405273437,0.10689637809991837,156.81351013183593
149.17822414491235,0.12521715026076247,149.05300791670638,156.17450561523438,0.10707646161317826,156.06743469238282
148.84094201064693,0.12534313612594838,148.71559812964463,156.8313781738281,0.10679938197135926,156.72457885742188
148.75708379978087,0.12534755159442018,148.63173545279153,159.3233215332031,0.10768615156412124,159.21563415527345
148.4978116663491,0.12549352936628388,148.37231854694645,154.490771484375,0.1067721426486969,154.38399963378907
148.15363776974561,0.1253339871764183,148.0283039372142,154.01869201660156,0.10733191221952439,153.91135864257814
148.44034557807737,0.1254508804257323,148.31489414122046,156.1529571533203,0.10770685374736785,156.04524841308594
149.405960827339,0.12529358613054928,149.28066644435975,155.93515625,0.10722064077854157,155.82793579101562
148.8416777820122,0.1256157975734734,148.7160618479659,155.4239471435547,0.10693843215703965,155.31700744628907
148.25633760777916,0.12529124991922844,148.13104620212462,154.9009552001953,0.10764316618442535,154.7933135986328
148.37961559760862,0.12542606036110623,148.25418946801162,156.07174072265624,0.10661902129650117,155.96512145996093
149.26444300209604,0.12538770622596507,149.1390555777201,154.17450866699218,0.10644709020853042,154.06806335449218
148.04619691430068,0.12540467555929974,147.9207931146389,154.72951965332032,0.10696182399988174,154.62255859375
149.0747353158346,0.12533275528651913,148.94940259979992,153.19330749511718,0.10652663856744767,153.08677978515624
149.39456400057165,0.12545166564423862,149.26911181938357,154.30909118652343,0.10719215124845505,154.2019012451172
149.0100495873428,0.12539683027965268,148.88465137016482,153.3167510986328,0.10665392279624938,153.21010131835936
149.2970759694169,0.12543030464794577,149.17164611816406,151.27843627929687,0.10719370394945145,151.1712432861328
148.07551798006384,0.1254184638581625,147.9500985494474,155.97601013183595,0.10651453733444213,155.86949462890624
148.0829229587462,0.12550969203797782,147.9574138362233,155.81687927246094,0.10684764683246613,155.71002807617188
148.43328782988758,0.12543745338916779,148.30785053532298,151.5993225097656,0.10615487545728683,151.4931671142578
148.81040954589844,0.12532066335765327,148.68508911132812,157.86121520996093,0.1064130038022995,157.75480041503906
148.64955399676066,0.12546478084674695,148.52408953410824,154.5043518066406,0.10694385170936585,154.39740905761718
148.20231181819264,0.12563400006875758,148.0766769037014,153.3805908203125,0.10664447396993637,153.2739471435547
147.37331557855373,0.12588012345680377,147.24743466260958,156.2296875,0.10672117918729782,156.1229675292969
148.4280321074695,0.12550257600662185,148.3025304282584,156.06445922851563,0.10659826695919036,155.95785827636718
148.71801683379383,0.12585905775791262,148.59215787561928,156.38361511230468,0.10621731430292129,156.27739562988282
148.05469792063644,0.12588379968230318,147.92881439953317,154.74216003417968,0.10654947906732559,154.63560791015624
148.8169767798447,0.12586838497621258,148.6911085175305,157.23826599121094,0.10697992742061616,157.13128967285155
148.30455128739518,0.12604726832814334,148.17850438559927,154.896533203125,0.1075238674879074,154.78900756835938
148.60507760396817,0.12598363582680866,148.4790947146532,156.81604614257813,0.10685816407203674,156.70918884277344
147.8560165777439,0.12603855078540196,147.72997674709413,154.29429321289064,0.10697668194770812,154.18731689453125
148.39757370367283,0.12609682668273042,148.2714758151915,154.90347595214843,0.1081226870417595,154.79535217285155
147.63303542718654,0.12614018215638836,147.50689660049068,154.57693786621093,0.10706419199705124,154.469873046875
147.5545628245284,0.12603211075794407,147.42853043719035,157.68094482421876,0.10804368406534196,157.57290649414062
148.7517770906774,0.12614652332736226,148.62563119283536,155.3046661376953,0.10756096988916397,155.19710693359374
148.86823961211414,0.12606803327798843,148.7421711247142,153.09408264160157,0.10700599700212479,152.98707580566406
147.08841835580222,0.12585533392138598,146.96256386361472,153.50730895996094,0.10683531463146209,153.40047302246094
148.54950472203697,0.12572692207446912,148.42377676614902,158.61389770507813,0.10709009319543839,158.50680541992188
147.1241287603611,0.12570019920424716,146.99842834472656,152.5709991455078,0.10668216198682785,152.46431884765624
147.74777593845275,0.12555120558273503,147.62222587771532,157.2292022705078,0.10702312141656875,157.12217712402344
147.2861759837081,0.12571056895866628,147.1604655196027,152.70635375976562,0.10714003294706345,152.59921264648438
149.3998368426067,0.12552766956207229,149.2743087396389,155.58951416015626,0.10738474130630493,155.4821319580078
147.92435287847752,0.12539289346555385,147.79895949945217,154.04076538085937,0.10790366679430008,153.9328643798828
147.6670260545684,0.12533701465624134,147.54168924471227,155.6616638183594,0.10680045783519745,155.55486450195312
148.83655120105277,0.12529370116024482,148.7112579345703,152.97738647460938,0.10756509751081467,152.86982421875
148.6134371873809,0.12510808502755513,148.48833000369189,155.42537841796874,0.10764784961938859,155.3177276611328
148.02952203518007,0.12536225340715268,147.90415954589844,156.31680603027343,0.10786799341440201,156.2089416503906
148.49982582650534,0.12532433558528017,148.37450167027916,153.68697814941407,0.10737518072128296,153.57960205078126
147.53068133098324,0.12518673335633626,147.40549599252097,155.3667785644531,0.10724248588085175,155.25953369140626
148.18729679758957,0.12517469376325607,148.0621222519293,154.30210571289064,0.10791335850954056,154.1941925048828
147.47803813655202,0.12517468013414523,147.35286396305736,153.86727294921874,0.10765752792358399,153.75961608886718
148.3700408935547,0.12505937821981383,148.24498097489518,157.15396728515626,0.10745248198509216,157.04651489257813
149.47680031381003,0.12514572263490864,149.35165405273438,154.72760009765625,0.10767269283533096,154.61992492675782
148.633159358327,0.12512158111828128,148.50803766018007,156.06121520996095,0.1081826850771904,155.95303344726562
148.09007002667684,0.1250798111645187,147.96498963891005,157.45353088378906,0.10732176750898362,157.34620666503906
148.1140393513005,0.12498503505456739,147.98905423792397,156.23800659179688,0.10739065259695053,156.1306182861328
147.2636242378049,0.12510017469161894,147.1385244974276,155.71188049316407,0.10748677402734756,155.60439453125
148.53284361304307,0.12508340870461812,148.4077606201172,155.3312255859375,0.10686761438846588,155.22435913085937
148.10907168504667,0.12500084700380884,147.98406945205318,154.8689727783203,0.10762573331594467,154.76134643554687
148.3734588623047,0.1249512197767816,148.24850724383097,156.53284301757813,0.10757995694875717,156.42526245117188
148.43106302400915,0.12505129615708097,148.306010920827,155.800927734375,0.10695000141859054,155.69397888183593
147.87051987066502,0.12498129831581581,147.74553959544113,153.92607421875,0.107809180021286,153.81826477050782
148.28683062297543,0.12497555664399775,148.16185481373856,151.51648559570313,0.10792306065559387,151.4085662841797
147.92633372981373,0.12494954775746275,147.80138415825076,155.17504272460937,0.10699272453784943,155.06804809570312
148.14035294695597,0.12501615049635492,148.0153376881669,157.1184295654297,0.10774381160736084,157.01068725585938
148.64583531821646,0.12491334484117787,148.52092240496378,155.3197479248047,0.10731044411659241,155.21243591308593
147.78260356623952,0.12496547019336282,147.6576385498047,154.95191650390626,0.10728332698345185,154.84462890625
147.35621196467702,0.12492059589159198,147.23129160811263,153.5197021484375,0.10748341679573059,153.41221923828124
148.29359175519247,0.12498949795234494,148.16860105933213,153.20753479003906,0.10750432014465332,153.10003051757812
147.6681473894817,0.12492991620447577,147.54321698444645,154.59378662109376,0.10761546194553376,154.48616943359374
148.64893657405202,0.12485723088427288,148.52407948563737,155.97035522460936,0.10803921967744827,155.86231689453126
147.6144651087319,0.12483517989152815,147.48963035025247,155.6040466308594,0.10739326179027557,155.4966552734375
148.048033551472,0.1249272330868535,147.9231076124238,157.33461303710936,0.1076070412993431,157.2270050048828
147.9086541896913,0.12492720364797406,147.78372676198074,155.24681396484374,0.10706259608268738,155.1397491455078
148.67362492258957,0.12487383077784282,148.54874997022677,155.16346435546876,0.10760518312454223,155.055859375
148.10298938286013,0.12488818659288127,147.97810214903296,152.7480041503906,0.10753377974033355,152.64046936035157
146.7249441379454,0.12474984021448507,146.6001938610542,157.7017364501953,0.10722016096115113,157.59451904296876
148.19365040848893,0.12495223578156495,148.06869804568407,157.0952606201172,0.10743141174316406,156.98782958984376
147.9651760938691,0.12477469953095041,147.840400509718,152.441259765625,0.10772209018468856,152.33353576660156
148.26860381335746,0.12486971642186002,148.14373481564405,154.8813049316406,0.10732428282499314,154.77398071289062
148.1286163330078,0.12479002555695975,148.00382549006764,157.87349548339844,0.10764765292406082,157.7658477783203
148.00294755144816,0.12483610812483764,147.8781113043064,151.61910400390624,0.10811117142438889,151.51099243164063
147.6162194973085,0.12483283277691865,147.4913869718226,155.45657958984376,0.10780660212039947,155.34877014160156
147.73075457317074,0.12491479970333053,147.6058405434213,155.22879943847656,0.10736078619956971,155.1214385986328
147.44204414181593,0.1248534487151518,147.31719040289158,156.60212097167968,0.10713617503643036,156.49498291015624
147.73919938250285,0.12481638752832645,147.61438360446837,154.33405456542968,0.10685788691043854,154.227197265625
148.04916232969703,0.12469416366117757,147.92446787764388,157.0942138671875,0.10724809169769287,156.98696594238282
147.4996397437119,0.12475500255823135,147.37488425650247,154.70718078613282,0.10696857124567032,154.60021057128907
147.2269484357136,0.12482775566054553,147.10212074838034,154.8688537597656,0.10749352723360062,154.76136169433593
146.6435978587081,0.12482976531837045,146.5187679383813,153.77487182617188,0.10732608288526535,153.66754455566405
148.19907211675877,0.12488559051984693,148.07418823242188,153.62095336914064,0.1070321410894394,153.51392211914063
147.76775825314405,0.12482801152438652,147.64293019364518,156.43431091308594,0.10691504180431366,156.3273956298828
147.72099862447598,0.12477816932085084,147.5962200630002,154.37157287597657,0.10727490186691284,154.26429748535156
148.45929773842417,0.12474847221519889,148.3345496945265,151.74506530761718,0.10708300322294236,151.6379852294922
147.8339471584413,0.1247507375551433,147.70919650938453,154.0205078125,0.10644809901714325,153.9140594482422
148.78527869247807,0.12477195426458265,148.66050682998286,154.801171875,0.10711259096860885,154.69406127929688
148.19655330006668,0.12474729502346457,148.0718060005002,156.03256530761718,0.10701645910739899,155.92555236816406
147.76350737781058,0.12476907161677755,147.6387370039777,153.56143493652343,0.10742346942424774,153.45401000976562
147.7980357844655,0.12469511660860806,147.67334133241235,155.67811584472656,0.10687991082668305,155.571240234375
146.66622515422543,0.12472567652783743,146.54149906809738,155.88712463378906,0.10683170557022095,155.78028869628906
147.53155257062215,0.12468496310274775,147.40686816703982,155.539892578125,0.10726809948682785,155.43262939453126
147.65112193037825,0.1247158506658019,147.52640589272104,155.84095458984376,0.10668452531099319,155.73426818847656
147.22748472632432,0.12477355341358883,147.10271100300113,154.4305633544922,0.10690315365791321,154.32366027832032
147.11503563857661,0.12472685898949461,146.9903084359518,153.89065246582032,0.10659719556570053,153.7840545654297
147.70961482350418,0.1246615659172942,147.58495386635386,153.61961669921874,0.10683797001838684,153.51278381347657
147.33802572110804,0.1247562909635102,147.21326911740186,153.8440399169922,0.10649430900812148,153.7375457763672
147.78705652748667,0.1247081458568573,147.66234904963795,154.69459533691406,0.1064018577337265,154.58819274902345
148.30920075207223,0.12475276920126706,148.18444712569075,151.29195556640624,0.10676328539848327,151.18519287109376
147.45304386790207,0.12480605956984729,147.328238510504,156.50686950683593,0.10709851533174515,156.39977416992187
147.44024323254098,0.124799833065126,147.3154434576267,155.04268798828124,0.10674958676099777,154.9359375
147.7089981451267,0.12473561869161885,147.584262754859,154.89012145996094,0.10664021968841553,154.78348083496093
146.92993238495617,0.12476878976676523,146.80516349978564,154.35544128417968,0.10670983493328094,154.24873046875
147.94093881002286,0.12474228986879675,147.81619672077457,155.48699645996095,0.10709087699651718,155.3799072265625
148.21608566656346,0.1246604150751742,148.09142433724753,152.93771362304688,0.10691097974777222,152.83080444335937
148.4940047845608,0.12482454973023112,148.36917933022104,154.644677734375,0.10655262470245361,154.53812561035156
147.06678027641482,0.12473364574153249,146.94204600264388,154.84156494140626,0.10719750821590424,154.73436584472657
148.13411656821646,0.12469441607231047,148.00942248832888,156.94390258789062,0.10748367607593537,156.83641357421874
148.03482651129002,0.1247134977361051,147.91011270662634,156.19721069335938,0.10731329768896103,156.08989562988282
147.71006253870522,0.12473163462993575,147.58533049792777,153.0005096435547,0.10711327642202377,152.89339904785157
147.66066946634433,0.1247541573716373,147.53591509563168,153.2161651611328,0.10638823360204697,153.10977172851562
147.9980662276105,0.12462768485633338,147.873438765363,154.356103515625,0.10656090676784516,154.24954223632812
148.3868352378287,0.12473660271342207,148.2620987310642,153.01699523925782,0.10701190382242202,152.9099853515625
146.98477991615854,0.12475337342518132,146.8600255454459,155.314208984375,0.10696729123592377,155.20724182128907
147.45597653272677,0.12478411506588866,147.3311912722704,151.26981506347656,0.10639938712120056,151.16341857910157
147.76920299995237,0.12469621093534841,147.6445059427401,156.5765808105469,0.10691031962633132,156.46967468261718
147.2111760581412,0.12475325403417029,147.0864231760909,154.68608703613282,0.10682882517576217,154.57926025390626
147.86333074802306,0.12474909479298242,147.7385819597942,152.6246551513672,0.10638450384140015,152.51827087402344
147.8851377905869,0.12477801304037978,147.7603596012767,157.35546264648437,0.10727549344301224,157.24818725585936
